<annotation>
	<folder>my-project-name</folder>
	<filename>COMP_DOC_213.png</filename>
	<path>/my-project-name/COMP_DOC_213.png</path>
	<source>
		<database>Unspecified</database>
	</source>
	<size>
		<width>594</width>
		<height>774</height>
		<depth>3</depth>
	</size>
	<object>
		<name>am_text</name>
		<pose>Unspecified</pose>
		<truncated>0</truncated>
		<difficult>0</difficult>
		<bndbox>
			<xmin>187</xmin>
			<ymin>11</ymin>
			<xmax>434</xmax>
			<ymax>46</ymax>
		</bndbox>
	</object>
	<object>
		<name>am_text</name>
		<pose>Unspecified</pose>
		<truncated>0</truncated>
		<difficult>0</difficult>
		<bndbox>
			<xmin>37</xmin>
			<ymin>62</ymin>
			<xmax>543</xmax>
			<ymax>94</ymax>
		</bndbox>
	</object>
	<object>
		<name>am_table</name>
		<pose>Unspecified</pose>
		<truncated>0</truncated>
		<difficult>0</difficult>
		<bndbox>
			<xmin>32</xmin>
			<ymin>100</ymin>
			<xmax>565</xmax>
			<ymax>713</ymax>
		</bndbox>
	</object>
</annotation>