<annotation>
	<folder>my-project-name</folder>
	<filename>COMP_DOC_094.png</filename>
	<path>/my-project-name/COMP_DOC_094.png</path>
	<source>
		<database>Unspecified</database>
	</source>
	<size>
		<width>594</width>
		<height>774</height>
		<depth>3</depth>
	</size>
	<object>
		<name>am_text</name>
		<pose>Unspecified</pose>
		<truncated>0</truncated>
		<difficult>0</difficult>
		<bndbox>
			<xmin>36</xmin>
			<ymin>29</ymin>
			<xmax>541</xmax>
			<ymax>67</ymax>
		</bndbox>
	</object>
	<object>
		<name>am_text</name>
		<pose>Unspecified</pose>
		<truncated>0</truncated>
		<difficult>0</difficult>
		<bndbox>
			<xmin>27</xmin>
			<ymin>71</ymin>
			<xmax>565</xmax>
			<ymax>136</ymax>
		</bndbox>
	</object>
	<object>
		<name>am_form</name>
		<pose>Unspecified</pose>
		<truncated>0</truncated>
		<difficult>0</difficult>
		<bndbox>
			<xmin>22</xmin>
			<ymin>141</ymin>
			<xmax>543</xmax>
			<ymax>557</ymax>
		</bndbox>
	</object>
</annotation>