<annotation>
	<folder>my-project-name</folder>
	<filename>COMP_DOC_077.png</filename>
	<path>/my-project-name/COMP_DOC_077.png</path>
	<source>
		<database>Unspecified</database>
	</source>
	<size>
		<width>594</width>
		<height>774</height>
		<depth>3</depth>
	</size>
	<object>
		<name>am_text</name>
		<pose>Unspecified</pose>
		<truncated>0</truncated>
		<difficult>0</difficult>
		<bndbox>
			<xmin>6</xmin>
			<ymin>19</ymin>
			<xmax>569</xmax>
			<ymax>85</ymax>
		</bndbox>
	</object>
	<object>
		<name>am_chart</name>
		<pose>Unspecified</pose>
		<truncated>0</truncated>
		<difficult>0</difficult>
		<bndbox>
			<xmin>51</xmin>
			<ymin>112</ymin>
			<xmax>508</xmax>
			<ymax>489</ymax>
		</bndbox>
	</object>
</annotation>