<annotation>
	<folder>my-project-name</folder>
	<filename>COMP_DOC_006.png</filename>
	<path>/my-project-name/COMP_DOC_006.png</path>
	<source>
		<database>Unspecified</database>
	</source>
	<size>
		<width>612</width>
		<height>792</height>
		<depth>3</depth>
	</size>
	<object>
		<name>am_text</name>
		<pose>Unspecified</pose>
		<truncated>0</truncated>
		<difficult>0</difficult>
		<bndbox>
			<xmin>85</xmin>
			<ymin>46</ymin>
			<xmax>508</xmax>
			<ymax>346</ymax>
		</bndbox>
	</object>
	<object>
		<name>am_text</name>
		<pose>Unspecified</pose>
		<truncated>0</truncated>
		<difficult>0</difficult>
		<bndbox>
			<xmin>50</xmin>
			<ymin>355</ymin>
			<xmax>527</xmax>
			<ymax>761</ymax>
		</bndbox>
	</object>
</annotation>