<annotation>
	<folder>my-project-name</folder>
	<filename>COMP_DOC_087.png</filename>
	<path>/my-project-name/COMP_DOC_087.png</path>
	<source>
		<database>Unspecified</database>
	</source>
	<size>
		<width>594</width>
		<height>774</height>
		<depth>3</depth>
	</size>
	<object>
		<name>am_figure</name>
		<pose>Unspecified</pose>
		<truncated>0</truncated>
		<difficult>0</difficult>
		<bndbox>
			<xmin>34</xmin>
			<ymin>38</ymin>
			<xmax>132</xmax>
			<ymax>148</ymax>
		</bndbox>
	</object>
	<object>
		<name>am_figure</name>
		<pose>Unspecified</pose>
		<truncated>0</truncated>
		<difficult>0</difficult>
		<bndbox>
			<xmin>34</xmin>
			<ymin>345</ymin>
			<xmax>136</xmax>
			<ymax>458</ymax>
		</bndbox>
	</object>
	<object>
		<name>am_text</name>
		<pose>Unspecified</pose>
		<truncated>0</truncated>
		<difficult>0</difficult>
		<bndbox>
			<xmin>269</xmin>
			<ymin>24</ymin>
			<xmax>561</xmax>
			<ymax>331</ymax>
		</bndbox>
	</object>
	<object>
		<name>am_text</name>
		<pose>Unspecified</pose>
		<truncated>0</truncated>
		<difficult>0</difficult>
		<bndbox>
			<xmin>267</xmin>
			<ymin>343</ymin>
			<xmax>572</xmax>
			<ymax>509</ymax>
		</bndbox>
	</object>
	<object>
		<name>am_text</name>
		<pose>Unspecified</pose>
		<truncated>0</truncated>
		<difficult>0</difficult>
		<bndbox>
			<xmin>141</xmin>
			<ymin>23</ymin>
			<xmax>254</xmax>
			<ymax>190</ymax>
		</bndbox>
	</object>
	<object>
		<name>am_text</name>
		<pose>Unspecified</pose>
		<truncated>0</truncated>
		<difficult>0</difficult>
		<bndbox>
			<xmin>137</xmin>
			<ymin>195</ymin>
			<xmax>250</xmax>
			<ymax>203</ymax>
		</bndbox>
	</object>
	<object>
		<name>am_text</name>
		<pose>Unspecified</pose>
		<truncated>0</truncated>
		<difficult>0</difficult>
		<bndbox>
			<xmin>132</xmin>
			<ymin>214</ymin>
			<xmax>253</xmax>
			<ymax>239</ymax>
		</bndbox>
	</object>
	<object>
		<name>am_text</name>
		<pose>Unspecified</pose>
		<truncated>0</truncated>
		<difficult>0</difficult>
		<bndbox>
			<xmin>140</xmin>
			<ymin>247</ymin>
			<xmax>230</xmax>
			<ymax>263</ymax>
		</bndbox>
	</object>
	<object>
		<name>am_text</name>
		<pose>Unspecified</pose>
		<truncated>0</truncated>
		<difficult>0</difficult>
		<bndbox>
			<xmin>142</xmin>
			<ymin>331</ymin>
			<xmax>268</xmax>
			<ymax>489</ymax>
		</bndbox>
	</object>
	<object>
		<name>am_text</name>
		<pose>Unspecified</pose>
		<truncated>0</truncated>
		<difficult>0</difficult>
		<bndbox>
			<xmin>142</xmin>
			<ymin>497</ymin>
			<xmax>259</xmax>
			<ymax>514</ymax>
		</bndbox>
	</object>
	<object>
		<name>am_text</name>
		<pose>Unspecified</pose>
		<truncated>0</truncated>
		<difficult>0</difficult>
		<bndbox>
			<xmin>143</xmin>
			<ymin>527</ymin>
			<xmax>241</xmax>
			<ymax>539</ymax>
		</bndbox>
	</object>
	<object>
		<name>am_text</name>
		<pose>Unspecified</pose>
		<truncated>0</truncated>
		<difficult>0</difficult>
		<bndbox>
			<xmin>146</xmin>
			<ymin>548</ymin>
			<xmax>235</xmax>
			<ymax>565</ymax>
		</bndbox>
	</object>
	<object>
		<name>am_text</name>
		<pose>Unspecified</pose>
		<truncated>0</truncated>
		<difficult>0</difficult>
		<bndbox>
			<xmin>145</xmin>
			<ymin>577</ymin>
			<xmax>269</xmax>
			<ymax>591</ymax>
		</bndbox>
	</object>
	<object>
		<name>am_text</name>
		<pose>Unspecified</pose>
		<truncated>0</truncated>
		<difficult>0</difficult>
		<bndbox>
			<xmin>137</xmin>
			<ymin>628</ymin>
			<xmax>195</xmax>
			<ymax>645</ymax>
		</bndbox>
	</object>
	<object>
		<name>am_text</name>
		<pose>Unspecified</pose>
		<truncated>0</truncated>
		<difficult>0</difficult>
		<bndbox>
			<xmin>147</xmin>
			<ymin>595</ymin>
			<xmax>282</xmax>
			<ymax>617</ymax>
		</bndbox>
	</object>
	<object>
		<name>am_chart</name>
		<pose>Unspecified</pose>
		<truncated>0</truncated>
		<difficult>0</difficult>
		<bndbox>
			<xmin>102</xmin>
			<ymin>483</ymin>
			<xmax>136</xmax>
			<ymax>514</ymax>
		</bndbox>
	</object>
	<object>
		<name>am_chart</name>
		<pose>Unspecified</pose>
		<truncated>0</truncated>
		<difficult>0</difficult>
		<bndbox>
			<xmin>98</xmin>
			<ymin>525</ymin>
			<xmax>130</xmax>
			<ymax>535</ymax>
		</bndbox>
	</object>
	<object>
		<name>am_chart</name>
		<pose>Unspecified</pose>
		<truncated>0</truncated>
		<difficult>0</difficult>
		<bndbox>
			<xmin>84</xmin>
			<ymin>551</ymin>
			<xmax>142</xmax>
			<ymax>570</ymax>
		</bndbox>
	</object>
	<object>
		<name>am_chart</name>
		<pose>Unspecified</pose>
		<truncated>0</truncated>
		<difficult>0</difficult>
		<bndbox>
			<xmin>85</xmin>
			<ymin>571</ymin>
			<xmax>138</xmax>
			<ymax>590</ymax>
		</bndbox>
	</object>
	<object>
		<name>am_chart</name>
		<pose>Unspecified</pose>
		<truncated>0</truncated>
		<difficult>0</difficult>
		<bndbox>
			<xmin>85</xmin>
			<ymin>604</ymin>
			<xmax>130</xmax>
			<ymax>617</ymax>
		</bndbox>
	</object>
	<object>
		<name>am_chart</name>
		<pose>Unspecified</pose>
		<truncated>0</truncated>
		<difficult>0</difficult>
		<bndbox>
			<xmin>66</xmin>
			<ymin>627</ymin>
			<xmax>127</xmax>
			<ymax>641</ymax>
		</bndbox>
	</object>
	<object>
		<name>am_chart</name>
		<pose>Unspecified</pose>
		<truncated>0</truncated>
		<difficult>0</difficult>
		<bndbox>
			<xmin>98</xmin>
			<ymin>185</ymin>
			<xmax>140</xmax>
			<ymax>213</ymax>
		</bndbox>
	</object>
	<object>
		<name>am_chart</name>
		<pose>Unspecified</pose>
		<truncated>0</truncated>
		<difficult>0</difficult>
		<bndbox>
			<xmin>97</xmin>
			<ymin>214</ymin>
			<xmax>137</xmax>
			<ymax>239</ymax>
		</bndbox>
	</object>
	<object>
		<name>am_chart</name>
		<pose>Unspecified</pose>
		<truncated>0</truncated>
		<difficult>0</difficult>
		<bndbox>
			<xmin>75</xmin>
			<ymin>240</ymin>
			<xmax>132</xmax>
			<ymax>272</ymax>
		</bndbox>
	</object>
</annotation>