<annotation>
	<folder>my-project-name</folder>
	<filename>COMP_DOC_124.png</filename>
	<path>/my-project-name/COMP_DOC_124.png</path>
	<source>
		<database>Unspecified</database>
	</source>
	<size>
		<width>594</width>
		<height>774</height>
		<depth>3</depth>
	</size>
	<object>
		<name>am_text</name>
		<pose>Unspecified</pose>
		<truncated>0</truncated>
		<difficult>0</difficult>
		<bndbox>
			<xmin>25</xmin>
			<ymin>27</ymin>
			<xmax>566</xmax>
			<ymax>105</ymax>
		</bndbox>
	</object>
	<object>
		<name>am_table</name>
		<pose>Unspecified</pose>
		<truncated>0</truncated>
		<difficult>0</difficult>
		<bndbox>
			<xmin>24</xmin>
			<ymin>109</ymin>
			<xmax>582</xmax>
			<ymax>403</ymax>
		</bndbox>
	</object>
	<object>
		<name>am_text</name>
		<pose>Unspecified</pose>
		<truncated>0</truncated>
		<difficult>0</difficult>
		<bndbox>
			<xmin>27</xmin>
			<ymin>416</ymin>
			<xmax>572</xmax>
			<ymax>523</ymax>
		</bndbox>
	</object>
</annotation>