<annotation>
	<folder>my-project-name</folder>
	<filename>COMP_DOC_072.png</filename>
	<path>/my-project-name/COMP_DOC_072.png</path>
	<source>
		<database>Unspecified</database>
	</source>
	<size>
		<width>594</width>
		<height>774</height>
		<depth>3</depth>
	</size>
	<object>
		<name>am_text</name>
		<pose>Unspecified</pose>
		<truncated>0</truncated>
		<difficult>0</difficult>
		<bndbox>
			<xmin>237</xmin>
			<ymin>57</ymin>
			<xmax>359</xmax>
			<ymax>76</ymax>
		</bndbox>
	</object>
	<object>
		<name>am_text</name>
		<pose>Unspecified</pose>
		<truncated>0</truncated>
		<difficult>0</difficult>
		<bndbox>
			<xmin>36</xmin>
			<ymin>75</ymin>
			<xmax>572</xmax>
			<ymax>313</ymax>
		</bndbox>
	</object>
	<object>
		<name>am_text</name>
		<pose>Unspecified</pose>
		<truncated>0</truncated>
		<difficult>0</difficult>
		<bndbox>
			<xmin>213</xmin>
			<ymin>326</ymin>
			<xmax>390</xmax>
			<ymax>336</ymax>
		</bndbox>
	</object>
	<object>
		<name>am_caption</name>
		<pose>Unspecified</pose>
		<truncated>0</truncated>
		<difficult>0</difficult>
		<bndbox>
			<xmin>81</xmin>
			<ymin>351</ymin>
			<xmax>265</xmax>
			<ymax>376</ymax>
		</bndbox>
	</object>
	<object>
		<name>am_caption</name>
		<pose>Unspecified</pose>
		<truncated>0</truncated>
		<difficult>0</difficult>
		<bndbox>
			<xmin>310</xmin>
			<ymin>354</ymin>
			<xmax>551</xmax>
			<ymax>373</ymax>
		</bndbox>
	</object>
	<object>
		<name>am_caption</name>
		<pose>Unspecified</pose>
		<truncated>0</truncated>
		<difficult>0</difficult>
		<bndbox>
			<xmin>37</xmin>
			<ymin>568</ymin>
			<xmax>306</xmax>
			<ymax>618</ymax>
		</bndbox>
	</object>
	<object>
		<name>am_chart</name>
		<pose>Unspecified</pose>
		<truncated>0</truncated>
		<difficult>0</difficult>
		<bndbox>
			<xmin>74</xmin>
			<ymin>382</ymin>
			<xmax>278</xmax>
			<ymax>561</ymax>
		</bndbox>
	</object>
	<object>
		<name>am_chart</name>
		<pose>Unspecified</pose>
		<truncated>0</truncated>
		<difficult>0</difficult>
		<bndbox>
			<xmin>315</xmin>
			<ymin>387</ymin>
			<xmax>570</xmax>
			<ymax>565</ymax>
		</bndbox>
	</object>
	<object>
		<name>am_text</name>
		<pose>Unspecified</pose>
		<truncated>0</truncated>
		<difficult>0</difficult>
		<bndbox>
			<xmin>39</xmin>
			<ymin>629</ymin>
			<xmax>352</xmax>
			<ymax>659</ymax>
		</bndbox>
	</object>
</annotation>