<annotation>
	<folder>my-project-name</folder>
	<filename>COMP_DOC_070.png</filename>
	<path>/my-project-name/COMP_DOC_070.png</path>
	<source>
		<database>Unspecified</database>
	</source>
	<size>
		<width>594</width>
		<height>774</height>
		<depth>3</depth>
	</size>
	<object>
		<name>am_text</name>
		<pose>Unspecified</pose>
		<truncated>0</truncated>
		<difficult>0</difficult>
		<bndbox>
			<xmin>255</xmin>
			<ymin>22</ymin>
			<xmax>339</xmax>
			<ymax>43</ymax>
		</bndbox>
	</object>
	<object>
		<name>am_table</name>
		<pose>Unspecified</pose>
		<truncated>0</truncated>
		<difficult>0</difficult>
		<bndbox>
			<xmin>38</xmin>
			<ymin>51</ymin>
			<xmax>556</xmax>
			<ymax>689</ymax>
		</bndbox>
	</object>
</annotation>