<annotation>
	<folder>my-project-name</folder>
	<filename>COMP_DOC_220.png</filename>
	<path>/my-project-name/COMP_DOC_220.png</path>
	<source>
		<database>Unspecified</database>
	</source>
	<size>
		<width>594</width>
		<height>774</height>
		<depth>3</depth>
	</size>
	<object>
		<name>am_text</name>
		<pose>Unspecified</pose>
		<truncated>0</truncated>
		<difficult>0</difficult>
		<bndbox>
			<xmin>258</xmin>
			<ymin>27</ymin>
			<xmax>340</xmax>
			<ymax>42</ymax>
		</bndbox>
	</object>
	<object>
		<name>am_table</name>
		<pose>Unspecified</pose>
		<truncated>0</truncated>
		<difficult>0</difficult>
		<bndbox>
			<xmin>36</xmin>
			<ymin>49</ymin>
			<xmax>584</xmax>
			<ymax>736</ymax>
		</bndbox>
	</object>
</annotation>