<annotation>
	<folder>my-project-name</folder>
	<filename>COMP_DOC_018.png</filename>
	<path>/my-project-name/COMP_DOC_018.png</path>
	<source>
		<database>Unspecified</database>
	</source>
	<size>
		<width>612</width>
		<height>792</height>
		<depth>3</depth>
	</size>
	<object>
		<name>am_chart</name>
		<pose>Unspecified</pose>
		<truncated>0</truncated>
		<difficult>0</difficult>
		<bndbox>
			<xmin>85</xmin>
			<ymin>127</ymin>
			<xmax>514</xmax>
			<ymax>605</ymax>
		</bndbox>
	</object>
	<object>
		<name>am_caption</name>
		<pose>Unspecified</pose>
		<truncated>0</truncated>
		<difficult>0</difficult>
		<bndbox>
			<xmin>39</xmin>
			<ymin>614</ymin>
			<xmax>511</xmax>
			<ymax>673</ymax>
		</bndbox>
	</object>
</annotation>