<annotation>
	<folder>my-project-name</folder>
	<filename>COMP_DOC_045.png</filename>
	<path>/my-project-name/COMP_DOC_045.png</path>
	<source>
		<database>Unspecified</database>
	</source>
	<size>
		<width>594</width>
		<height>774</height>
		<depth>3</depth>
	</size>
	<object>
		<name>am_figure</name>
		<pose>Unspecified</pose>
		<truncated>0</truncated>
		<difficult>0</difficult>
		<bndbox>
			<xmin>6</xmin>
			<ymin>124</ymin>
			<xmax>308</xmax>
			<ymax>593</ymax>
		</bndbox>
	</object>
	<object>
		<name>am_caption</name>
		<pose>Unspecified</pose>
		<truncated>0</truncated>
		<difficult>0</difficult>
		<bndbox>
			<xmin>338</xmin>
			<ymin>188</ymin>
			<xmax>538</xmax>
			<ymax>532</ymax>
		</bndbox>
	</object>
	<object>
		<name>am_text</name>
		<pose>Unspecified</pose>
		<truncated>0</truncated>
		<difficult>0</difficult>
		<bndbox>
			<xmin>23</xmin>
			<ymin>605</ymin>
			<xmax>289</xmax>
			<ymax>636</ymax>
		</bndbox>
	</object>
</annotation>