<annotation>
	<folder>my-project-name</folder>
	<filename>COMP_DOC_017.png</filename>
	<path>/my-project-name/COMP_DOC_017.png</path>
	<source>
		<database>Unspecified</database>
	</source>
	<size>
		<width>612</width>
		<height>792</height>
		<depth>3</depth>
	</size>
	<object>
		<name>am_text</name>
		<pose>Unspecified</pose>
		<truncated>0</truncated>
		<difficult>0</difficult>
		<bndbox>
			<xmin>90</xmin>
			<ymin>55</ymin>
			<xmax>238</xmax>
			<ymax>84</ymax>
		</bndbox>
	</object>
	<object>
		<name>am_chart</name>
		<pose>Unspecified</pose>
		<truncated>0</truncated>
		<difficult>0</difficult>
		<bndbox>
			<xmin>48</xmin>
			<ymin>100</ymin>
			<xmax>535</xmax>
			<ymax>300</ymax>
		</bndbox>
	</object>
	<object>
		<name>am_caption</name>
		<pose>Unspecified</pose>
		<truncated>0</truncated>
		<difficult>0</difficult>
		<bndbox>
			<xmin>76</xmin>
			<ymin>309</ymin>
			<xmax>520</xmax>
			<ymax>379</ymax>
		</bndbox>
	</object>
</annotation>