<annotation>
	<folder>my-project-name</folder>
	<filename>COMP_DOC_192.png</filename>
	<path>/my-project-name/COMP_DOC_192.png</path>
	<source>
		<database>Unspecified</database>
	</source>
	<size>
		<width>594</width>
		<height>774</height>
		<depth>3</depth>
	</size>
	<object>
		<name>am_text</name>
		<pose>Unspecified</pose>
		<truncated>0</truncated>
		<difficult>0</difficult>
		<bndbox>
			<xmin>204</xmin>
			<ymin>3</ymin>
			<xmax>399</xmax>
			<ymax>67</ymax>
		</bndbox>
	</object>
	<object>
		<name>am_table</name>
		<pose>Unspecified</pose>
		<truncated>0</truncated>
		<difficult>0</difficult>
		<bndbox>
			<xmin>29</xmin>
			<ymin>63</ymin>
			<xmax>553</xmax>
			<ymax>718</ymax>
		</bndbox>
	</object>
</annotation>