<annotation>
	<folder>my-project-name</folder>
	<filename>COMP_DOC_007.png</filename>
	<path>/my-project-name/COMP_DOC_007.png</path>
	<source>
		<database>Unspecified</database>
	</source>
	<size>
		<width>612</width>
		<height>792</height>
		<depth>3</depth>
	</size>
	<object>
		<name>am_chart</name>
		<pose>Unspecified</pose>
		<truncated>0</truncated>
		<difficult>0</difficult>
		<bndbox>
			<xmin>144</xmin>
			<ymin>37</ymin>
			<xmax>464</xmax>
			<ymax>390</ymax>
		</bndbox>
	</object>
	<object>
		<name>am_caption</name>
		<pose>Unspecified</pose>
		<truncated>0</truncated>
		<difficult>0</difficult>
		<bndbox>
			<xmin>195</xmin>
			<ymin>400</ymin>
			<xmax>435</xmax>
			<ymax>416</ymax>
		</bndbox>
	</object>
	<object>
		<name>am_text</name>
		<pose>Unspecified</pose>
		<truncated>0</truncated>
		<difficult>0</difficult>
		<bndbox>
			<xmin>63</xmin>
			<ymin>433</ymin>
			<xmax>521</xmax>
			<ymax>726</ymax>
		</bndbox>
	</object>
</annotation>