<annotation>
	<folder>my-project-name</folder>
	<filename>COMP_DOC_039.png</filename>
	<path>/my-project-name/COMP_DOC_039.png</path>
	<source>
		<database>Unspecified</database>
	</source>
	<size>
		<width>594</width>
		<height>774</height>
		<depth>3</depth>
	</size>
	<object>
		<name>am_text</name>
		<pose>Unspecified</pose>
		<truncated>0</truncated>
		<difficult>0</difficult>
		<bndbox>
			<xmin>20</xmin>
			<ymin>44</ymin>
			<xmax>368</xmax>
			<ymax>283</ymax>
		</bndbox>
	</object>
</annotation>