<annotation>
	<folder>my-project-name</folder>
	<filename>COMP_DOC_048.png</filename>
	<path>/my-project-name/COMP_DOC_048.png</path>
	<source>
		<database>Unspecified</database>
	</source>
	<size>
		<width>594</width>
		<height>774</height>
		<depth>3</depth>
	</size>
	<object>
		<name>am_text</name>
		<pose>Unspecified</pose>
		<truncated>0</truncated>
		<difficult>0</difficult>
		<bndbox>
			<xmin>69</xmin>
			<ymin>75</ymin>
			<xmax>348</xmax>
			<ymax>237</ymax>
		</bndbox>
	</object>
	<object>
		<name>am_text</name>
		<pose>Unspecified</pose>
		<truncated>0</truncated>
		<difficult>0</difficult>
		<bndbox>
			<xmin>85</xmin>
			<ymin>254</ymin>
			<xmax>330</xmax>
			<ymax>372</ymax>
		</bndbox>
	</object>
	<object>
		<name>am_text</name>
		<pose>Unspecified</pose>
		<truncated>0</truncated>
		<difficult>0</difficult>
		<bndbox>
			<xmin>70</xmin>
			<ymin>386</ymin>
			<xmax>341</xmax>
			<ymax>521</ymax>
		</bndbox>
	</object>
</annotation>