<annotation>
	<folder>my-project-name</folder>
	<filename>COMP_DOC_093.png</filename>
	<path>/my-project-name/COMP_DOC_093.png</path>
	<source>
		<database>Unspecified</database>
	</source>
	<size>
		<width>594</width>
		<height>774</height>
		<depth>3</depth>
	</size>
	<object>
		<name>am_text</name>
		<pose>Unspecified</pose>
		<truncated>0</truncated>
		<difficult>0</difficult>
		<bndbox>
			<xmin>31</xmin>
			<ymin>22</ymin>
			<xmax>555</xmax>
			<ymax>79</ymax>
		</bndbox>
	</object>
	<object>
		<name>am_text</name>
		<pose>Unspecified</pose>
		<truncated>0</truncated>
		<difficult>0</difficult>
		<bndbox>
			<xmin>31</xmin>
			<ymin>81</ymin>
			<xmax>562</xmax>
			<ymax>108</ymax>
		</bndbox>
	</object>
	<object>
		<name>am_form</name>
		<pose>Unspecified</pose>
		<truncated>0</truncated>
		<difficult>0</difficult>
		<bndbox>
			<xmin>44</xmin>
			<ymin>121</ymin>
			<xmax>519</xmax>
			<ymax>336</ymax>
		</bndbox>
	</object>
	<object>
		<name>am_text</name>
		<pose>Unspecified</pose>
		<truncated>0</truncated>
		<difficult>0</difficult>
		<bndbox>
			<xmin>17</xmin>
			<ymin>346</ymin>
			<xmax>574</xmax>
			<ymax>384</ymax>
		</bndbox>
	</object>
	<object>
		<name>am_text</name>
		<pose>Unspecified</pose>
		<truncated>0</truncated>
		<difficult>0</difficult>
		<bndbox>
			<xmin>10</xmin>
			<ymin>391</ymin>
			<xmax>571</xmax>
			<ymax>444</ymax>
		</bndbox>
	</object>
</annotation>