<annotation>
	<folder>my-project-name</folder>
	<filename>COMP_DOC_067.png</filename>
	<path>/my-project-name/COMP_DOC_067.png</path>
	<source>
		<database>Unspecified</database>
	</source>
	<size>
		<width>594</width>
		<height>774</height>
		<depth>3</depth>
	</size>
	<object>
		<name>am_text</name>
		<pose>Unspecified</pose>
		<truncated>0</truncated>
		<difficult>0</difficult>
		<bndbox>
			<xmin>270</xmin>
			<ymin>48</ymin>
			<xmax>537</xmax>
			<ymax>155</ymax>
		</bndbox>
	</object>
	<object>
		<name>am_text</name>
		<pose>Unspecified</pose>
		<truncated>0</truncated>
		<difficult>0</difficult>
		<bndbox>
			<xmin>20</xmin>
			<ymin>187</ymin>
			<xmax>538</xmax>
			<ymax>714</ymax>
		</bndbox>
	</object>
</annotation>