<annotation>
	<folder>my-project-name</folder>
	<filename>COMP_DOC_059.png</filename>
	<path>/my-project-name/COMP_DOC_059.png</path>
	<source>
		<database>Unspecified</database>
	</source>
	<size>
		<width>594</width>
		<height>774</height>
		<depth>3</depth>
	</size>
	<object>
		<name>am_figure</name>
		<pose>Unspecified</pose>
		<truncated>0</truncated>
		<difficult>0</difficult>
		<bndbox>
			<xmin>9</xmin>
			<ymin>285</ymin>
			<xmax>581</xmax>
			<ymax>655</ymax>
		</bndbox>
	</object>
</annotation>