<annotation>
	<folder>my-project-name</folder>
	<filename>COMP_DOC_173.png</filename>
	<path>/my-project-name/COMP_DOC_173.png</path>
	<source>
		<database>Unspecified</database>
	</source>
	<size>
		<width>594</width>
		<height>774</height>
		<depth>3</depth>
	</size>
	<object>
		<name>am_text</name>
		<pose>Unspecified</pose>
		<truncated>0</truncated>
		<difficult>0</difficult>
		<bndbox>
			<xmin>37</xmin>
			<ymin>29</ymin>
			<xmax>576</xmax>
			<ymax>81</ymax>
		</bndbox>
	</object>
	<object>
		<name>am_text</name>
		<pose>Unspecified</pose>
		<truncated>0</truncated>
		<difficult>0</difficult>
		<bndbox>
			<xmin>24</xmin>
			<ymin>88</ymin>
			<xmax>569</xmax>
			<ymax>110</ymax>
		</bndbox>
	</object>
	<object>
		<name>am_text</name>
		<pose>Unspecified</pose>
		<truncated>0</truncated>
		<difficult>0</difficult>
		<bndbox>
			<xmin>33</xmin>
			<ymin>119</ymin>
			<xmax>574</xmax>
			<ymax>208</ymax>
		</bndbox>
	</object>
	<object>
		<name>am_text</name>
		<pose>Unspecified</pose>
		<truncated>0</truncated>
		<difficult>0</difficult>
		<bndbox>
			<xmin>32</xmin>
			<ymin>211</ymin>
			<xmax>572</xmax>
			<ymax>298</ymax>
		</bndbox>
	</object>
	<object>
		<name>am_text</name>
		<pose>Unspecified</pose>
		<truncated>0</truncated>
		<difficult>0</difficult>
		<bndbox>
			<xmin>31</xmin>
			<ymin>307</ymin>
			<xmax>581</xmax>
			<ymax>386</ymax>
		</bndbox>
	</object>
	<object>
		<name>am_text</name>
		<pose>Unspecified</pose>
		<truncated>0</truncated>
		<difficult>0</difficult>
		<bndbox>
			<xmin>36</xmin>
			<ymin>393</ymin>
			<xmax>570</xmax>
			<ymax>440</ymax>
		</bndbox>
	</object>
	<object>
		<name>am_text</name>
		<pose>Unspecified</pose>
		<truncated>0</truncated>
		<difficult>0</difficult>
		<bndbox>
			<xmin>32</xmin>
			<ymin>445</ymin>
			<xmax>565</xmax>
			<ymax>530</ymax>
		</bndbox>
	</object>
	<object>
		<name>am_text</name>
		<pose>Unspecified</pose>
		<truncated>0</truncated>
		<difficult>0</difficult>
		<bndbox>
			<xmin>22</xmin>
			<ymin>535</ymin>
			<xmax>581</xmax>
			<ymax>665</ymax>
		</bndbox>
	</object>
</annotation>