<annotation>
	<folder>my-project-name</folder>
	<filename>COMP_DOC_055.png</filename>
	<path>/my-project-name/COMP_DOC_055.png</path>
	<source>
		<database>Unspecified</database>
	</source>
	<size>
		<width>594</width>
		<height>774</height>
		<depth>3</depth>
	</size>
	<object>
		<name>am_figure</name>
		<pose>Unspecified</pose>
		<truncated>0</truncated>
		<difficult>0</difficult>
		<bndbox>
			<xmin>275</xmin>
			<ymin>505</ymin>
			<xmax>509</xmax>
			<ymax>686</ymax>
		</bndbox>
	</object>
	<object>
		<name>am_figure</name>
		<pose>Unspecified</pose>
		<truncated>0</truncated>
		<difficult>0</difficult>
		<bndbox>
			<xmin>3</xmin>
			<ymin>5</ymin>
			<xmax>589</xmax>
			<ymax>773</ymax>
		</bndbox>
	</object>
</annotation>