<annotation>
	<folder>my-project-name</folder>
	<filename>COMP_DOC_218.png</filename>
	<path>/my-project-name/COMP_DOC_218.png</path>
	<source>
		<database>Unspecified</database>
	</source>
	<size>
		<width>594</width>
		<height>774</height>
		<depth>3</depth>
	</size>
	<object>
		<name>am_text</name>
		<pose>Unspecified</pose>
		<truncated>0</truncated>
		<difficult>0</difficult>
		<bndbox>
			<xmin>176</xmin>
			<ymin>9</ymin>
			<xmax>430</xmax>
			<ymax>43</ymax>
		</bndbox>
	</object>
	<object>
		<name>am_text</name>
		<pose>Unspecified</pose>
		<truncated>0</truncated>
		<difficult>0</difficult>
		<bndbox>
			<xmin>27</xmin>
			<ymin>57</ymin>
			<xmax>594</xmax>
			<ymax>86</ymax>
		</bndbox>
	</object>
	<object>
		<name>am_table</name>
		<pose>Unspecified</pose>
		<truncated>0</truncated>
		<difficult>0</difficult>
		<bndbox>
			<xmin>41</xmin>
			<ymin>90</ymin>
			<xmax>571</xmax>
			<ymax>218</ymax>
		</bndbox>
	</object>
</annotation>