<annotation>
	<folder>my-project-name</folder>
	<filename>COMP_DOC_221.png</filename>
	<path>/my-project-name/COMP_DOC_221.png</path>
	<source>
		<database>Unspecified</database>
	</source>
	<size>
		<width>594</width>
		<height>774</height>
		<depth>3</depth>
	</size>
	<object>
		<name>am_table</name>
		<pose>Unspecified</pose>
		<truncated>0</truncated>
		<difficult>0</difficult>
		<bndbox>
			<xmin>55</xmin>
			<ymin>24</ymin>
			<xmax>586</xmax>
			<ymax>450</ymax>
		</bndbox>
	</object>
	<object>
		<name>am_text</name>
		<pose>Unspecified</pose>
		<truncated>0</truncated>
		<difficult>0</difficult>
		<bndbox>
			<xmin>25</xmin>
			<ymin>461</ymin>
			<xmax>107</xmax>
			<ymax>478</ymax>
		</bndbox>
	</object>
	<object>
		<name>am_text</name>
		<pose>Unspecified</pose>
		<truncated>0</truncated>
		<difficult>0</difficult>
		<bndbox>
			<xmin>41</xmin>
			<ymin>480</ymin>
			<xmax>284</xmax>
			<ymax>504</ymax>
		</bndbox>
	</object>
	<object>
		<name>am_text</name>
		<pose>Unspecified</pose>
		<truncated>0</truncated>
		<difficult>0</difficult>
		<bndbox>
			<xmin>27</xmin>
			<ymin>505</ymin>
			<xmax>594</xmax>
			<ymax>544</ymax>
		</bndbox>
	</object>
	<object>
		<name>am_text</name>
		<pose>Unspecified</pose>
		<truncated>0</truncated>
		<difficult>0</difficult>
		<bndbox>
			<xmin>34</xmin>
			<ymin>553</ymin>
			<xmax>419</xmax>
			<ymax>586</ymax>
		</bndbox>
	</object>
	<object>
		<name>am_text</name>
		<pose>Unspecified</pose>
		<truncated>0</truncated>
		<difficult>0</difficult>
		<bndbox>
			<xmin>14</xmin>
			<ymin>595</ymin>
			<xmax>201</xmax>
			<ymax>647</ymax>
		</bndbox>
	</object>
</annotation>