<annotation>
	<folder>my-project-name</folder>
	<filename>COMP_DOC_189.png</filename>
	<path>/my-project-name/COMP_DOC_189.png</path>
	<source>
		<database>Unspecified</database>
	</source>
	<size>
		<width>594</width>
		<height>774</height>
		<depth>3</depth>
	</size>
	<object>
		<name>am_text</name>
		<pose>Unspecified</pose>
		<truncated>0</truncated>
		<difficult>0</difficult>
		<bndbox>
			<xmin>168</xmin>
			<ymin>15</ymin>
			<xmax>443</xmax>
			<ymax>61</ymax>
		</bndbox>
	</object>
	<object>
		<name>am_table</name>
		<pose>Unspecified</pose>
		<truncated>0</truncated>
		<difficult>0</difficult>
		<bndbox>
			<xmin>24</xmin>
			<ymin>62</ymin>
			<xmax>582</xmax>
			<ymax>397</ymax>
		</bndbox>
	</object>
</annotation>