<annotation>
	<folder>my-project-name</folder>
	<filename>COMP_DOC_000.png</filename>
	<path>/my-project-name/COMP_DOC_000.png</path>
	<source>
		<database>Unspecified</database>
	</source>
	<size>
		<width>595</width>
		<height>841</height>
		<depth>3</depth>
	</size>

	<object>
		<name>am_text</name>
		<pose>Unspecified</pose>
		<truncated>0</truncated>
		<difficult>0</difficult>
		<bndbox>
			<xmin>37</xmin>
			<ymin>57</ymin>
			<xmax>348</xmax>
			<ymax>84</ymax>
		</bndbox>
	</object>
	<object>
		<name>am_text</name>
		<pose>Unspecified</pose>
		<truncated>0</truncated>
		<difficult>0</difficult>
		<bndbox>
			<xmin>19</xmin>
			<ymin>84</ymin>
			<xmax>385</xmax>
			<ymax>123</ymax>
		</bndbox>
	</object>
	<object>
		<name>am_text</name>
		<pose>Unspecified</pose>
		<truncated>0</truncated>
		<difficult>0</difficult>
		<bndbox>
			<xmin>29</xmin>
			<ymin>207</ymin>
			<xmax>170</xmax>
			<ymax>274</ymax>
		</bndbox>
	</object>
</annotation>