<annotation>
	<folder>my-project-name</folder>
	<filename>COMP_DOC_119.png</filename>
	<path>/my-project-name/COMP_DOC_119.png</path>
	<source>
		<database>Unspecified</database>
	</source>
	<size>
		<width>594</width>
		<height>774</height>
		<depth>3</depth>
	</size>
	<object>
		<name>am_table</name>
		<pose>Unspecified</pose>
		<truncated>0</truncated>
		<difficult>0</difficult>
		<bndbox>
			<xmin>32</xmin>
			<ymin>28</ymin>
			<xmax>555</xmax>
			<ymax>246</ymax>
		</bndbox>
	</object>
	<object>
		<name>am_table</name>
		<pose>Unspecified</pose>
		<truncated>0</truncated>
		<difficult>0</difficult>
		<bndbox>
			<xmin>42</xmin>
			<ymin>272</ymin>
			<xmax>576</xmax>
			<ymax>496</ymax>
		</bndbox>
	</object>
	<object>
		<name>am_table</name>
		<pose>Unspecified</pose>
		<truncated>0</truncated>
		<difficult>0</difficult>
		<bndbox>
			<xmin>32</xmin>
			<ymin>504</ymin>
			<xmax>566</xmax>
			<ymax>728</ymax>
		</bndbox>
	</object>
</annotation>