<annotation>
	<folder>my-project-name</folder>
	<filename>COMP_DOC_069.png</filename>
	<path>/my-project-name/COMP_DOC_069.png</path>
	<source>
		<database>Unspecified</database>
	</source>
	<size>
		<width>594</width>
		<height>774</height>
		<depth>3</depth>
	</size>
	<object>
		<name>am_text</name>
		<pose>Unspecified</pose>
		<truncated>0</truncated>
		<difficult>0</difficult>
		<bndbox>
			<xmin>207</xmin>
			<ymin>13</ymin>
			<xmax>354</xmax>
			<ymax>66</ymax>
		</bndbox>
	</object>
	<object>
		<name>am_text</name>
		<pose>Unspecified</pose>
		<truncated>0</truncated>
		<difficult>0</difficult>
		<bndbox>
			<xmin>10</xmin>
			<ymin>70</ymin>
			<xmax>557</xmax>
			<ymax>653</ymax>
		</bndbox>
	</object>
	<object>
		<name>am_text</name>
		<pose>Unspecified</pose>
		<truncated>0</truncated>
		<difficult>0</difficult>
		<bndbox>
			<xmin>28</xmin>
			<ymin>675</ymin>
			<xmax>570</xmax>
			<ymax>749</ymax>
		</bndbox>
	</object>
</annotation>