<annotation>
	<folder>my-project-name</folder>
	<filename>COMP_DOC_140.png</filename>
	<path>/my-project-name/COMP_DOC_140.png</path>
	<source>
		<database>Unspecified</database>
	</source>
	<size>
		<width>594</width>
		<height>774</height>
		<depth>3</depth>
	</size>
	<object>
		<name>am_text</name>
		<pose>Unspecified</pose>
		<truncated>0</truncated>
		<difficult>0</difficult>
		<bndbox>
			<xmin>10</xmin>
			<ymin>46</ymin>
			<xmax>566</xmax>
			<ymax>495</ymax>
		</bndbox>
	</object>
	<object>
		<name>am_text</name>
		<pose>Unspecified</pose>
		<truncated>0</truncated>
		<difficult>0</difficult>
		<bndbox>
			<xmin>218</xmin>
			<ymin>8</ymin>
			<xmax>379</xmax>
			<ymax>52</ymax>
		</bndbox>
	</object>
</annotation>