<annotation>
	<folder>my-project-name</folder>
	<filename>COMP_DOC_027.png</filename>
	<path>/my-project-name/COMP_DOC_027.png</path>
	<source>
		<database>Unspecified</database>
	</source>
	<size>
		<width>612</width>
		<height>792</height>
		<depth>3</depth>
	</size>
	<object>
		<name>am_caption</name>
		<pose>Unspecified</pose>
		<truncated>0</truncated>
		<difficult>0</difficult>
		<bndbox>
			<xmin>97</xmin>
			<ymin>74</ymin>
			<xmax>301</xmax>
			<ymax>101</ymax>
		</bndbox>
	</object>
	<object>
		<name>am_caption</name>
		<pose>Unspecified</pose>
		<truncated>0</truncated>
		<difficult>0</difficult>
		<bndbox>
			<xmin>302</xmin>
			<ymin>75</ymin>
			<xmax>511</xmax>
			<ymax>104</ymax>
		</bndbox>
	</object>
	<object>
		<name>am_table</name>
		<pose>Unspecified</pose>
		<truncated>0</truncated>
		<difficult>0</difficult>
		<bndbox>
			<xmin>59</xmin>
			<ymin>108</ymin>
			<xmax>514</xmax>
			<ymax>178</ymax>
		</bndbox>
	</object>
	<object>
		<name>am_caption</name>
		<pose>Unspecified</pose>
		<truncated>0</truncated>
		<difficult>0</difficult>
		<bndbox>
			<xmin>76</xmin>
			<ymin>195</ymin>
			<xmax>527</xmax>
			<ymax>208</ymax>
		</bndbox>
	</object>
	<object>
		<name>am_table</name>
		<pose>Unspecified</pose>
		<truncated>0</truncated>
		<difficult>0</difficult>
		<bndbox>
			<xmin>19</xmin>
			<ymin>214</ymin>
			<xmax>520</xmax>
			<ymax>318</ymax>
		</bndbox>
	</object>
	<object>
		<name>am_text</name>
		<pose>Unspecified</pose>
		<truncated>0</truncated>
		<difficult>0</difficult>
		<bndbox>
			<xmin>90</xmin>
			<ymin>334</ymin>
			<xmax>516</xmax>
			<ymax>395</ymax>
		</bndbox>
	</object>
	<object>
		<name>am_text</name>
		<pose>Unspecified</pose>
		<truncated>0</truncated>
		<difficult>0</difficult>
		<bndbox>
			<xmin>68</xmin>
			<ymin>410</ymin>
			<xmax>512</xmax>
			<ymax>488</ymax>
		</bndbox>
	</object>
	<object>
		<name>am_chart</name>
		<pose>Unspecified</pose>
		<truncated>0</truncated>
		<difficult>0</difficult>
		<bndbox>
			<xmin>94</xmin>
			<ymin>502</ymin>
			<xmax>528</xmax>
			<ymax>579</ymax>
		</bndbox>
	</object>
	<object>
		<name>am_caption</name>
		<pose>Unspecified</pose>
		<truncated>0</truncated>
		<difficult>0</difficult>
		<bndbox>
			<xmin>49</xmin>
			<ymin>580</ymin>
			<xmax>512</xmax>
			<ymax>613</ymax>
		</bndbox>
	</object>
	<object>
		<name>am_text</name>
		<pose>Unspecified</pose>
		<truncated>0</truncated>
		<difficult>0</difficult>
		<bndbox>
			<xmin>28</xmin>
			<ymin>618</ymin>
			<xmax>528</xmax>
			<ymax>757</ymax>
		</bndbox>
	</object>
</annotation>