<annotation>
	<folder>my-project-name</folder>
	<filename>COMP_DOC_219.png</filename>
	<path>/my-project-name/COMP_DOC_219.png</path>
	<source>
		<database>Unspecified</database>
	</source>
	<size>
		<width>594</width>
		<height>774</height>
		<depth>3</depth>
	</size>
	<object>
		<name>am_text</name>
		<pose>Unspecified</pose>
		<truncated>0</truncated>
		<difficult>0</difficult>
		<bndbox>
			<xmin>197</xmin>
			<ymin>25</ymin>
			<xmax>418</xmax>
			<ymax>58</ymax>
		</bndbox>
	</object>
	<object>
		<name>am_table</name>
		<pose>Unspecified</pose>
		<truncated>0</truncated>
		<difficult>0</difficult>
		<bndbox>
			<xmin>33</xmin>
			<ymin>63</ymin>
			<xmax>594</xmax>
			<ymax>296</ymax>
		</bndbox>
	</object>
	<object>
		<name>am_caption</name>
		<pose>Unspecified</pose>
		<truncated>0</truncated>
		<difficult>0</difficult>
		<bndbox>
			<xmin>34</xmin>
			<ymin>298</ymin>
			<xmax>594</xmax>
			<ymax>377</ymax>
		</bndbox>
	</object>
</annotation>