<annotation>
	<folder>my-project-name</folder>
	<filename>COMP_DOC_023.png</filename>
	<path>/my-project-name/COMP_DOC_023.png</path>
	<source>
		<database>Unspecified</database>
	</source>
	<size>
		<width>612</width>
		<height>792</height>
		<depth>3</depth>
	</size>
	<object>
		<name>am_text</name>
		<pose>Unspecified</pose>
		<truncated>0</truncated>
		<difficult>0</difficult>
		<bndbox>
			<xmin>103</xmin>
			<ymin>64</ymin>
			<xmax>522</xmax>
			<ymax>135</ymax>
		</bndbox>
	</object>
	<object>
		<name>am_text</name>
		<pose>Unspecified</pose>
		<truncated>0</truncated>
		<difficult>0</difficult>
		<bndbox>
			<xmin>75</xmin>
			<ymin>140</ymin>
			<xmax>525</xmax>
			<ymax>221</ymax>
		</bndbox>
	</object>
	<object>
		<name>am_text</name>
		<pose>Unspecified</pose>
		<truncated>0</truncated>
		<difficult>0</difficult>
		<bndbox>
			<xmin>58</xmin>
			<ymin>227</ymin>
			<xmax>524</xmax>
			<ymax>353</ymax>
		</bndbox>
	</object>
	<object>
		<name>am_text</name>
		<pose>Unspecified</pose>
		<truncated>0</truncated>
		<difficult>0</difficult>
		<bndbox>
			<xmin>65</xmin>
			<ymin>366</ymin>
			<xmax>518</xmax>
			<ymax>483</ymax>
		</bndbox>
	</object>
	<object>
		<name>am_text</name>
		<pose>Unspecified</pose>
		<truncated>0</truncated>
		<difficult>0</difficult>
		<bndbox>
			<xmin>41</xmin>
			<ymin>496</ymin>
			<xmax>522</xmax>
			<ymax>634</ymax>
		</bndbox>
	</object>
	<object>
		<name>am_text</name>
		<pose>Unspecified</pose>
		<truncated>0</truncated>
		<difficult>0</difficult>
		<bndbox>
			<xmin>83</xmin>
			<ymin>645</ymin>
			<xmax>509</xmax>
			<ymax>750</ymax>
		</bndbox>
	</object>
</annotation>