<annotation>
	<folder>my-project-name</folder>
	<filename>COMP_DOC_004.png</filename>
	<path>/my-project-name/COMP_DOC_004.png</path>
	<source>
		<database>Unspecified</database>
	</source>
	<size>
		<width>596</width>
		<height>842</height>
		<depth>3</depth>
	</size>
	<object>
		<name>am_text</name>
		<pose>Unspecified</pose>
		<truncated>0</truncated>
		<difficult>0</difficult>
		<bndbox>
			<xmin>31</xmin>
			<ymin>0</ymin>
			<xmax>560</xmax>
			<ymax>63</ymax>
		</bndbox>
	</object>
	<object>
		<name>am_text</name>
		<pose>Unspecified</pose>
		<truncated>0</truncated>
		<difficult>0</difficult>
		<bndbox>
			<xmin>59</xmin>
			<ymin>70</ymin>
			<xmax>540</xmax>
			<ymax>278</ymax>
		</bndbox>
	</object>
	<object>
		<name>am_text</name>
		<pose>Unspecified</pose>
		<truncated>0</truncated>
		<difficult>0</difficult>
		<bndbox>
			<xmin>24</xmin>
			<ymin>296</ymin>
			<xmax>537</xmax>
			<ymax>407</ymax>
		</bndbox>
	</object>
	<object>
		<name>am_text</name>
		<pose>Unspecified</pose>
		<truncated>0</truncated>
		<difficult>0</difficult>
		<bndbox>
			<xmin>41</xmin>
			<ymin>415</ymin>
			<xmax>550</xmax>
			<ymax>791</ymax>
		</bndbox>
	</object>
</annotation>