<annotation>
	<folder>my-project-name</folder>
	<filename>COMP_DOC_217.png</filename>
	<path>/my-project-name/COMP_DOC_217.png</path>
	<source>
		<database>Unspecified</database>
	</source>
	<size>
		<width>594</width>
		<height>774</height>
		<depth>3</depth>
	</size>
	<object>
		<name>am_text</name>
		<pose>Unspecified</pose>
		<truncated>0</truncated>
		<difficult>0</difficult>
		<bndbox>
			<xmin>168</xmin>
			<ymin>9</ymin>
			<xmax>452</xmax>
			<ymax>51</ymax>
		</bndbox>
	</object>
	<object>
		<name>am_table</name>
		<pose>Unspecified</pose>
		<truncated>0</truncated>
		<difficult>0</difficult>
		<bndbox>
			<xmin>55</xmin>
			<ymin>61</ymin>
			<xmax>577</xmax>
			<ymax>703</ymax>
		</bndbox>
	</object>
</annotation>