<annotation>
	<folder>my-project-name</folder>
	<filename>COMP_DOC_095.png</filename>
	<path>/my-project-name/COMP_DOC_095.png</path>
	<source>
		<database>Unspecified</database>
	</source>
	<size>
		<width>594</width>
		<height>774</height>
		<depth>3</depth>
	</size>
	<object>
		<name>am_form</name>
		<pose>Unspecified</pose>
		<truncated>0</truncated>
		<difficult>0</difficult>
		<bndbox>
			<xmin>31</xmin>
			<ymin>27</ymin>
			<xmax>552</xmax>
			<ymax>321</ymax>
		</bndbox>
	</object>
	<object>
		<name>am_form</name>
		<pose>Unspecified</pose>
		<truncated>0</truncated>
		<difficult>0</difficult>
		<bndbox>
			<xmin>25</xmin>
			<ymin>349</ymin>
			<xmax>547</xmax>
			<ymax>647</ymax>
		</bndbox>
	</object>
</annotation>