<annotation>
	<folder>my-project-name</folder>
	<filename>COMP_DOC_002.png</filename>
	<path>/my-project-name/COMP_DOC_002.png</path>
	<source>
		<database>Unspecified</database>
	</source>
	<size>
		<width>596</width>
		<height>842</height>
		<depth>3</depth>
	</size>
	<object>
		<name>am_text</name>
		<pose>Unspecified</pose>
		<truncated>0</truncated>
		<difficult>0</difficult>
		<bndbox>
			<xmin>14</xmin>
			<ymin>8</ymin>
			<xmax>556</xmax>
			<ymax>59</ymax>
		</bndbox>
	</object>
	<object>
		<name>am_text</name>
		<pose>Unspecified</pose>
		<truncated>0</truncated>
		<difficult>0</difficult>
		<bndbox>
			<xmin>65</xmin>
			<ymin>213</ymin>
			<xmax>67</xmax>
			<ymax>213</ymax>
		</bndbox>
	</object>
	<object>
		<name>am_text</name>
		<pose>Unspecified</pose>
		<truncated>0</truncated>
		<difficult>0</difficult>
		<bndbox>
			<xmin>33</xmin>
			<ymin>69</ymin>
			<xmax>529</xmax>
			<ymax>274</ymax>
		</bndbox>
	</object>
	<object>
		<name>am_text</name>
		<pose>Unspecified</pose>
		<truncated>0</truncated>
		<difficult>0</difficult>
		<bndbox>
			<xmin>6</xmin>
			<ymin>294</ymin>
			<xmax>550</xmax>
			<ymax>607</ymax>
		</bndbox>
	</object>
	<object>
		<name>am_text</name>
		<pose>Unspecified</pose>
		<truncated>0</truncated>
		<difficult>0</difficult>
		<bndbox>
			<xmin>51</xmin>
			<ymin>627</ymin>
			<xmax>537</xmax>
			<ymax>797</ymax>
		</bndbox>
	</object>
</annotation>