<annotation>
	<folder>my-project-name</folder>
	<filename>COMP_DOC_064.png</filename>
	<path>/my-project-name/COMP_DOC_064.png</path>
	<source>
		<database>Unspecified</database>
	</source>
	<size>
		<width>594</width>
		<height>774</height>
		<depth>3</depth>
	</size>
	<object>
		<name>am_text</name>
		<pose>Unspecified</pose>
		<truncated>0</truncated>
		<difficult>0</difficult>
		<bndbox>
			<xmin>25</xmin>
			<ymin>29</ymin>
			<xmax>178</xmax>
			<ymax>132</ymax>
		</bndbox>
	</object>
	<object>
		<name>am_text</name>
		<pose>Unspecified</pose>
		<truncated>0</truncated>
		<difficult>0</difficult>
		<bndbox>
			<xmin>29</xmin>
			<ymin>143</ymin>
			<xmax>180</xmax>
			<ymax>351</ymax>
		</bndbox>
	</object>
	<object>
		<name>am_text</name>
		<pose>Unspecified</pose>
		<truncated>0</truncated>
		<difficult>0</difficult>
		<bndbox>
			<xmin>29</xmin>
			<ymin>363</ymin>
			<xmax>183</xmax>
			<ymax>499</ymax>
		</bndbox>
	</object>
	<object>
		<name>am_text</name>
		<pose>Unspecified</pose>
		<truncated>0</truncated>
		<difficult>0</difficult>
		<bndbox>
			<xmin>22</xmin>
			<ymin>514</ymin>
			<xmax>193</xmax>
			<ymax>664</ymax>
		</bndbox>
	</object>
	<object>
		<name>am_text</name>
		<pose>Unspecified</pose>
		<truncated>0</truncated>
		<difficult>0</difficult>
		<bndbox>
			<xmin>192</xmin>
			<ymin>20</ymin>
			<xmax>362</xmax>
			<ymax>143</ymax>
		</bndbox>
	</object>
	<object>
		<name>am_text</name>
		<pose>Unspecified</pose>
		<truncated>0</truncated>
		<difficult>0</difficult>
		<bndbox>
			<xmin>197</xmin>
			<ymin>162</ymin>
			<xmax>363</xmax>
			<ymax>299</ymax>
		</bndbox>
	</object>
	<object>
		<name>am_text</name>
		<pose>Unspecified</pose>
		<truncated>0</truncated>
		<difficult>0</difficult>
		<bndbox>
			<xmin>194</xmin>
			<ymin>311</ymin>
			<xmax>349</xmax>
			<ymax>475</ymax>
		</bndbox>
	</object>
	<object>
		<name>am_text</name>
		<pose>Unspecified</pose>
		<truncated>0</truncated>
		<difficult>0</difficult>
		<bndbox>
			<xmin>202</xmin>
			<ymin>489</ymin>
			<xmax>346</xmax>
			<ymax>563</ymax>
		</bndbox>
	</object>
	<object>
		<name>am_text</name>
		<pose>Unspecified</pose>
		<truncated>0</truncated>
		<difficult>0</difficult>
		<bndbox>
			<xmin>371</xmin>
			<ymin>13</ymin>
			<xmax>530</xmax>
			<ymax>145</ymax>
		</bndbox>
	</object>
	<object>
		<name>am_text</name>
		<pose>Unspecified</pose>
		<truncated>0</truncated>
		<difficult>0</difficult>
		<bndbox>
			<xmin>374</xmin>
			<ymin>157</ymin>
			<xmax>527</xmax>
			<ymax>468</ymax>
		</bndbox>
	</object>
	<object>
		<name>am_text</name>
		<pose>Unspecified</pose>
		<truncated>0</truncated>
		<difficult>0</difficult>
		<bndbox>
			<xmin>364</xmin>
			<ymin>483</ymin>
			<xmax>530</xmax>
			<ymax>566</ymax>
		</bndbox>
	</object>
	<object>
		<name>am_figure</name>
		<pose>Unspecified</pose>
		<truncated>0</truncated>
		<difficult>0</difficult>
		<bndbox>
			<xmin>207</xmin>
			<ymin>581</ymin>
			<xmax>533</xmax>
			<ymax>722</ymax>
		</bndbox>
	</object>
</annotation>