<annotation>
	<folder>my-project-name</folder>
	<filename>COMP_DOC_190.png</filename>
	<path>/my-project-name/COMP_DOC_190.png</path>
	<source>
		<database>Unspecified</database>
	</source>
	<size>
		<width>594</width>
		<height>774</height>
		<depth>3</depth>
	</size>
	<object>
		<name>am_text</name>
		<pose>Unspecified</pose>
		<truncated>0</truncated>
		<difficult>0</difficult>
		<bndbox>
			<xmin>198</xmin>
			<ymin>25</ymin>
			<xmax>397</xmax>
			<ymax>65</ymax>
		</bndbox>
	</object>
	<object>
		<name>am_table</name>
		<pose>Unspecified</pose>
		<truncated>0</truncated>
		<difficult>0</difficult>
		<bndbox>
			<xmin>33</xmin>
			<ymin>65</ymin>
			<xmax>555</xmax>
			<ymax>669</ymax>
		</bndbox>
	</object>
</annotation>