<annotation>
	<folder>my-project-name</folder>
	<filename>COMP_DOC_116.png</filename>
	<path>/my-project-name/COMP_DOC_116.png</path>
	<source>
		<database>Unspecified</database>
	</source>
	<size>
		<width>594</width>
		<height>774</height>
		<depth>3</depth>
	</size>
	<object>
		<name>am_text</name>
		<pose>Unspecified</pose>
		<truncated>0</truncated>
		<difficult>0</difficult>
		<bndbox>
			<xmin>38</xmin>
			<ymin>27</ymin>
			<xmax>577</xmax>
			<ymax>75</ymax>
		</bndbox>
	</object>
	<object>
		<name>am_text</name>
		<pose>Unspecified</pose>
		<truncated>0</truncated>
		<difficult>0</difficult>
		<bndbox>
			<xmin>31</xmin>
			<ymin>79</ymin>
			<xmax>553</xmax>
			<ymax>143</ymax>
		</bndbox>
	</object>
	<object>
		<name>am_text</name>
		<pose>Unspecified</pose>
		<truncated>0</truncated>
		<difficult>0</difficult>
		<bndbox>
			<xmin>22</xmin>
			<ymin>148</ymin>
			<xmax>539</xmax>
			<ymax>171</ymax>
		</bndbox>
	</object>
	<object>
		<name>am_text</name>
		<pose>Unspecified</pose>
		<truncated>0</truncated>
		<difficult>0</difficult>
		<bndbox>
			<xmin>31</xmin>
			<ymin>181</ymin>
			<xmax>517</xmax>
			<ymax>382</ymax>
		</bndbox>
	</object>
	<object>
		<name>am_form</name>
		<pose>Unspecified</pose>
		<truncated>0</truncated>
		<difficult>0</difficult>
		<bndbox>
			<xmin>29</xmin>
			<ymin>391</ymin>
			<xmax>566</xmax>
			<ymax>731</ymax>
		</bndbox>
	</object>
</annotation>