<annotation>
	<folder>my-project-name</folder>
	<filename>COMP_DOC_223.png</filename>
	<path>/my-project-name/COMP_DOC_223.png</path>
	<source>
		<database>Unspecified</database>
	</source>
	<size>
		<width>594</width>
		<height>774</height>
		<depth>3</depth>
	</size>
	<object>
		<name>am_text</name>
		<pose>Unspecified</pose>
		<truncated>0</truncated>
		<difficult>0</difficult>
		<bndbox>
			<xmin>29</xmin>
			<ymin>28</ymin>
			<xmax>571</xmax>
			<ymax>63</ymax>
		</bndbox>
	</object>
	<object>
		<name>am_table</name>
		<pose>Unspecified</pose>
		<truncated>0</truncated>
		<difficult>0</difficult>
		<bndbox>
			<xmin>18</xmin>
			<ymin>70</ymin>
			<xmax>572</xmax>
			<ymax>717</ymax>
		</bndbox>
	</object>
</annotation>