<annotation>
	<folder>my-project-name</folder>
	<filename>COMP_DOC_185.png</filename>
	<path>/my-project-name/COMP_DOC_185.png</path>
	<source>
		<database>Unspecified</database>
	</source>
	<size>
		<width>594</width>
		<height>774</height>
		<depth>3</depth>
	</size>
	<object>
		<name>am_text</name>
		<pose>Unspecified</pose>
		<truncated>0</truncated>
		<difficult>0</difficult>
		<bndbox>
			<xmin>27</xmin>
			<ymin>98</ymin>
			<xmax>558</xmax>
			<ymax>384</ymax>
		</bndbox>
	</object>
	<object>
		<name>am_text</name>
		<pose>Unspecified</pose>
		<truncated>0</truncated>
		<difficult>0</difficult>
		<bndbox>
			<xmin>19</xmin>
			<ymin>34</ymin>
			<xmax>306</xmax>
			<ymax>91</ymax>
		</bndbox>
	</object>
</annotation>