<annotation>
	<folder>my-project-name</folder>
	<filename>COMP_DOC_047.png</filename>
	<path>/my-project-name/COMP_DOC_047.png</path>
	<source>
		<database>Unspecified</database>
	</source>
	<size>
		<width>594</width>
		<height>774</height>
		<depth>3</depth>
	</size>
	<object>
		<name>am_text</name>
		<pose>Unspecified</pose>
		<truncated>0</truncated>
		<difficult>0</difficult>
		<bndbox>
			<xmin>251</xmin>
			<ymin>80</ymin>
			<xmax>477</xmax>
			<ymax>270</ymax>
		</bndbox>
	</object>
	<object>
		<name>am_text</name>
		<pose>Unspecified</pose>
		<truncated>0</truncated>
		<difficult>0</difficult>
		<bndbox>
			<xmin>263</xmin>
			<ymin>293</ymin>
			<xmax>492</xmax>
			<ymax>453</ymax>
		</bndbox>
	</object>
	<object>
		<name>am_text</name>
		<pose>Unspecified</pose>
		<truncated>0</truncated>
		<difficult>0</difficult>
		<bndbox>
			<xmin>60</xmin>
			<ymin>357</ymin>
			<xmax>163</xmax>
			<ymax>391</ymax>
		</bndbox>
	</object>
</annotation>