<annotation>
	<folder>my-project-name</folder>
	<filename>COMP_DOC_035.png</filename>
	<path>/my-project-name/COMP_DOC_035.png</path>
	<source>
		<database>Unspecified</database>
	</source>
	<size>
		<width>612</width>
		<height>792</height>
		<depth>3</depth>
	</size>
	<object>
		<name>am_text</name>
		<pose>Unspecified</pose>
		<truncated>0</truncated>
		<difficult>0</difficult>
		<bndbox>
			<xmin>90</xmin>
			<ymin>62</ymin>
			<xmax>520</xmax>
			<ymax>129</ymax>
		</bndbox>
	</object>
	<object>
		<name>am_text</name>
		<pose>Unspecified</pose>
		<truncated>0</truncated>
		<difficult>0</difficult>
		<bndbox>
			<xmin>74</xmin>
			<ymin>132</ymin>
			<xmax>523</xmax>
			<ymax>199</ymax>
		</bndbox>
	</object>
	<object>
		<name>am_text</name>
		<pose>Unspecified</pose>
		<truncated>0</truncated>
		<difficult>0</difficult>
		<bndbox>
			<xmin>40</xmin>
			<ymin>210</ymin>
			<xmax>506</xmax>
			<ymax>266</ymax>
		</bndbox>
	</object>
</annotation>