<annotation>
	<folder>my-project-name</folder>
	<filename>COMP_DOC_222.png</filename>
	<path>/my-project-name/COMP_DOC_222.png</path>
	<source>
		<database>Unspecified</database>
	</source>
	<size>
		<width>594</width>
		<height>774</height>
		<depth>3</depth>
	</size>
	<object>
		<name>am_text</name>
		<pose>Unspecified</pose>
		<truncated>0</truncated>
		<difficult>0</difficult>
		<bndbox>
			<xmin>234</xmin>
			<ymin>24</ymin>
			<xmax>334</xmax>
			<ymax>56</ymax>
		</bndbox>
	</object>
	<object>
		<name>am_text</name>
		<pose>Unspecified</pose>
		<truncated>0</truncated>
		<difficult>0</difficult>
		<bndbox>
			<xmin>13</xmin>
			<ymin>61</ymin>
			<xmax>562</xmax>
			<ymax>159</ymax>
		</bndbox>
	</object>
	<object>
		<name>am_text</name>
		<pose>Unspecified</pose>
		<truncated>0</truncated>
		<difficult>0</difficult>
		<bndbox>
			<xmin>28</xmin>
			<ymin>181</ymin>
			<xmax>567</xmax>
			<ymax>332</ymax>
		</bndbox>
	</object>
</annotation>