<annotation>
	<folder>my-project-name</folder>
	<filename>COMP_DOC_082.png</filename>
	<path>/my-project-name/COMP_DOC_082.png</path>
	<source>
		<database>Unspecified</database>
	</source>
	<size>
		<width>594</width>
		<height>774</height>
		<depth>3</depth>
	</size>
	<object>
		<name>am_text</name>
		<pose>Unspecified</pose>
		<truncated>0</truncated>
		<difficult>0</difficult>
		<bndbox>
			<xmin>217</xmin>
			<ymin>27</ymin>
			<xmax>392</xmax>
			<ymax>48</ymax>
		</bndbox>
	</object>
	<object>
		<name>am_text</name>
		<pose>Unspecified</pose>
		<truncated>0</truncated>
		<difficult>0</difficult>
		<bndbox>
			<xmin>27</xmin>
			<ymin>48</ymin>
			<xmax>553</xmax>
			<ymax>128</ymax>
		</bndbox>
	</object>
	<object>
		<name>am_text</name>
		<pose>Unspecified</pose>
		<truncated>0</truncated>
		<difficult>0</difficult>
		<bndbox>
			<xmin>39</xmin>
			<ymin>173</ymin>
			<xmax>560</xmax>
			<ymax>258</ymax>
		</bndbox>
	</object>
	<object>
		<name>am_text</name>
		<pose>Unspecified</pose>
		<truncated>0</truncated>
		<difficult>0</difficult>
		<bndbox>
			<xmin>24</xmin>
			<ymin>136</ymin>
			<xmax>575</xmax>
			<ymax>165</ymax>
		</bndbox>
	</object>
	<object>
		<name>am_text</name>
		<pose>Unspecified</pose>
		<truncated>0</truncated>
		<difficult>0</difficult>
		<bndbox>
			<xmin>23</xmin>
			<ymin>263</ymin>
			<xmax>541</xmax>
			<ymax>313</ymax>
		</bndbox>
	</object>
	<object>
		<name>am_table</name>
		<pose>Unspecified</pose>
		<truncated>0</truncated>
		<difficult>0</difficult>
		<bndbox>
			<xmin>20</xmin>
			<ymin>367</ymin>
			<xmax>560</xmax>
			<ymax>666</ymax>
		</bndbox>
	</object>
	<object>
		<name>am_text</name>
		<pose>Unspecified</pose>
		<truncated>0</truncated>
		<difficult>0</difficult>
		<bndbox>
			<xmin>33</xmin>
			<ymin>327</ymin>
			<xmax>426</xmax>
			<ymax>364</ymax>
		</bndbox>
	</object>
	<object>
		<name>am_caption</name>
		<pose>Unspecified</pose>
		<truncated>0</truncated>
		<difficult>0</difficult>
		<bndbox>
			<xmin>25</xmin>
			<ymin>678</ymin>
			<xmax>504</xmax>
			<ymax>774</ymax>
		</bndbox>
	</object>
</annotation>