<annotation>
	<folder>my-project-name</folder>
	<filename>COMP_DOC_191.png</filename>
	<path>/my-project-name/COMP_DOC_191.png</path>
	<source>
		<database>Unspecified</database>
	</source>
	<size>
		<width>774</width>
		<height>594</height>
		<depth>3</depth>
	</size>
	<object>
		<name>am_text</name>
		<pose>Unspecified</pose>
		<truncated>0</truncated>
		<difficult>0</difficult>
		<bndbox>
			<xmin>262</xmin>
			<ymin>10</ymin>
			<xmax>512</xmax>
			<ymax>44</ymax>
		</bndbox>
	</object>
	<object>
		<name>am_table</name>
		<pose>Unspecified</pose>
		<truncated>0</truncated>
		<difficult>0</difficult>
		<bndbox>
			<xmin>21</xmin>
			<ymin>45</ymin>
			<xmax>766</xmax>
			<ymax>450</ymax>
		</bndbox>
	</object>
</annotation>