<annotation>
	<folder>my-project-name</folder>
	<filename>COMP_DOC_050.png</filename>
	<path>/my-project-name/COMP_DOC_050.png</path>
	<source>
		<database>Unspecified</database>
	</source>
	<size>
		<width>594</width>
		<height>774</height>
		<depth>3</depth>
	</size>
	<object>
		<name>am_text</name>
		<pose>Unspecified</pose>
		<truncated>0</truncated>
		<difficult>0</difficult>
		<bndbox>
			<xmin>70</xmin>
			<ymin>69</ymin>
			<xmax>367</xmax>
			<ymax>291</ymax>
		</bndbox>
	</object>
	<object>
		<name>am_text</name>
		<pose>Unspecified</pose>
		<truncated>0</truncated>
		<difficult>0</difficult>
		<bndbox>
			<xmin>80</xmin>
			<ymin>312</ymin>
			<xmax>334</xmax>
			<ymax>544</ymax>
		</bndbox>
	</object>
</annotation>