<annotation>
	<folder>my-project-name</folder>
	<filename>COMP_DOC_100.png</filename>
	<path>/my-project-name/COMP_DOC_100.png</path>
	<source>
		<database>Unspecified</database>
	</source>
	<size>
		<width>594</width>
		<height>774</height>
		<depth>3</depth>
	</size>
	<object>
		<name>am_text</name>
		<pose>Unspecified</pose>
		<truncated>0</truncated>
		<difficult>0</difficult>
		<bndbox>
			<xmin>32</xmin>
			<ymin>27</ymin>
			<xmax>575</xmax>
			<ymax>98</ymax>
		</bndbox>
	</object>
	<object>
		<name>am_text</name>
		<pose>Unspecified</pose>
		<truncated>0</truncated>
		<difficult>0</difficult>
		<bndbox>
			<xmin>19</xmin>
			<ymin>104</ymin>
			<xmax>574</xmax>
			<ymax>185</ymax>
		</bndbox>
	</object>
</annotation>