<annotation>
	<folder>my-project-name</folder>
	<filename>COMP_DOC_075.png</filename>
	<path>/my-project-name/COMP_DOC_075.png</path>
	<source>
		<database>Unspecified</database>
	</source>
	<size>
		<width>594</width>
		<height>774</height>
		<depth>3</depth>
	</size>
	<object>
		<name>am_text</name>
		<pose>Unspecified</pose>
		<truncated>0</truncated>
		<difficult>0</difficult>
		<bndbox>
			<xmin>29</xmin>
			<ymin>18</ymin>
			<xmax>567</xmax>
			<ymax>82</ymax>
		</bndbox>
	</object>
	<object>
		<name>am_table</name>
		<pose>Unspecified</pose>
		<truncated>0</truncated>
		<difficult>0</difficult>
		<bndbox>
			<xmin>17</xmin>
			<ymin>90</ymin>
			<xmax>550</xmax>
			<ymax>312</ymax>
		</bndbox>
	</object>
	<object>
		<name>am_text</name>
		<pose>Unspecified</pose>
		<truncated>0</truncated>
		<difficult>0</difficult>
		<bndbox>
			<xmin>12</xmin>
			<ymin>326</ymin>
			<xmax>557</xmax>
			<ymax>402</ymax>
		</bndbox>
	</object>
	<object>
		<name>am_text</name>
		<pose>Unspecified</pose>
		<truncated>0</truncated>
		<difficult>0</difficult>
		<bndbox>
			<xmin>24</xmin>
			<ymin>410</ymin>
			<xmax>287</xmax>
			<ymax>527</ymax>
		</bndbox>
	</object>
	<object>
		<name>am_text</name>
		<pose>Unspecified</pose>
		<truncated>0</truncated>
		<difficult>0</difficult>
		<bndbox>
			<xmin>302</xmin>
			<ymin>425</ymin>
			<xmax>557</xmax>
			<ymax>514</ymax>
		</bndbox>
	</object>
	<object>
		<name>am_text</name>
		<pose>Unspecified</pose>
		<truncated>0</truncated>
		<difficult>0</difficult>
		<bndbox>
			<xmin>36</xmin>
			<ymin>529</ymin>
			<xmax>588</xmax>
			<ymax>617</ymax>
		</bndbox>
	</object>
	<object>
		<name>am_text</name>
		<pose>Unspecified</pose>
		<truncated>0</truncated>
		<difficult>0</difficult>
		<bndbox>
			<xmin>27</xmin>
			<ymin>623</ymin>
			<xmax>566</xmax>
			<ymax>704</ymax>
		</bndbox>
	</object>
	<object>
		<name>am_text</name>
		<pose>Unspecified</pose>
		<truncated>0</truncated>
		<difficult>0</difficult>
		<bndbox>
			<xmin>27</xmin>
			<ymin>708</ymin>
			<xmax>570</xmax>
			<ymax>769</ymax>
		</bndbox>
	</object>
</annotation>