<annotation>
	<folder>my-project-name</folder>
	<filename>COMP_DOC_177.png</filename>
	<path>/my-project-name/COMP_DOC_177.png</path>
	<source>
		<database>Unspecified</database>
	</source>
	<size>
		<width>594</width>
		<height>774</height>
		<depth>3</depth>
	</size>
	<object>
		<name>am_text</name>
		<pose>Unspecified</pose>
		<truncated>0</truncated>
		<difficult>0</difficult>
		<bndbox>
			<xmin>29</xmin>
			<ymin>25</ymin>
			<xmax>566</xmax>
			<ymax>55</ymax>
		</bndbox>
	</object>
	<object>
		<name>am_table</name>
		<pose>Unspecified</pose>
		<truncated>0</truncated>
		<difficult>0</difficult>
		<bndbox>
			<xmin>10</xmin>
			<ymin>60</ymin>
			<xmax>591</xmax>
			<ymax>624</ymax>
		</bndbox>
	</object>
	<object>
		<name>am_text</name>
		<pose>Unspecified</pose>
		<truncated>0</truncated>
		<difficult>0</difficult>
		<bndbox>
			<xmin>31</xmin>
			<ymin>629</ymin>
			<xmax>565</xmax>
			<ymax>664</ymax>
		</bndbox>
	</object>
	<object>
		<name>am_text</name>
		<pose>Unspecified</pose>
		<truncated>0</truncated>
		<difficult>0</difficult>
		<bndbox>
			<xmin>41</xmin>
			<ymin>669</ymin>
			<xmax>566</xmax>
			<ymax>697</ymax>
		</bndbox>
	</object>
	<object>
		<name>am_text</name>
		<pose>Unspecified</pose>
		<truncated>0</truncated>
		<difficult>0</difficult>
		<bndbox>
			<xmin>8</xmin>
			<ymin>702</ymin>
			<xmax>594</xmax>
			<ymax>733</ymax>
		</bndbox>
	</object>
</annotation>