<annotation>
	<folder>my-project-name</folder>
	<filename>COMP_DOC_041.png</filename>
	<path>/my-project-name/COMP_DOC_041.png</path>
	<source>
		<database>Unspecified</database>
	</source>
	<size>
		<width>594</width>
		<height>774</height>
		<depth>3</depth>
	</size>
	<object>
		<name>am_text</name>
		<pose>Unspecified</pose>
		<truncated>0</truncated>
		<difficult>0</difficult>
		<bndbox>
			<xmin>231</xmin>
			<ymin>77</ymin>
			<xmax>524</xmax>
			<ymax>594</ymax>
		</bndbox>
	</object>
	<object>
		<name>am_figure</name>
		<pose>Unspecified</pose>
		<truncated>0</truncated>
		<difficult>0</difficult>
		<bndbox>
			<xmin>4</xmin>
			<ymin>3</ymin>
			<xmax>589</xmax>
			<ymax>774</ymax>
		</bndbox>
	</object>
</annotation>