<annotation>
	<folder>my-project-name</folder>
	<filename>COMP_DOC_019.png</filename>
	<path>/my-project-name/COMP_DOC_019.png</path>
	<source>
		<database>Unspecified</database>
	</source>
	<size>
		<width>612</width>
		<height>792</height>
		<depth>3</depth>
	</size>
	<object>
		<name>am_chart</name>
		<pose>Unspecified</pose>
		<truncated>0</truncated>
		<difficult>0</difficult>
		<bndbox>
			<xmin>76</xmin>
			<ymin>147</ymin>
			<xmax>523</xmax>
			<ymax>589</ymax>
		</bndbox>
	</object>
	<object>
		<name>am_caption</name>
		<pose>Unspecified</pose>
		<truncated>0</truncated>
		<difficult>0</difficult>
		<bndbox>
			<xmin>71</xmin>
			<ymin>600</ymin>
			<xmax>511</xmax>
			<ymax>662</ymax>
		</bndbox>
	</object>
</annotation>